cohort,metric,scale,clean_mean,distracted_mean,pooled_delta,pooled_ci_low,pooled_ci_high,unweighted_strata_delta
open-weight,clinical_correctness,1-5,3.19944,2.9247,-0.27474,-0.306641,-0.244135,-0.20736
open-weight,completeness,1-5,3.30556,3.07378,-0.231771,-0.25478,-0.208762,-0.162341
open-weight,succinctness,1-5,3.32834,3.24219,-0.0861545,-0.109814,-0.0607585,-0.0545989
open-weight,hallucination,0/1,0.920139,0.935981,0.015842,0.00694444,0.0245226,0.00239955
open-weight,overall_quality,1-5,2.97331,2.74718,-0.226128,-0.250873,-0.201378,-0.160359
API,clinical_correctness,1-5,4.39996,4.37847,-0.0214844,-0.0377604,-0.00542535,-0.0221545
API,completeness,1-5,4.33377,4.28624,-0.047526,-0.062717,-0.0321181,-0.0333394
API,succinctness,1-5,3.69965,3.89648,0.196832,0.179248,0.213976,0.17524
API,hallucination,0/1,0.700087,0.63737,-0.062717,-0.0768283,-0.0488281,-0.0584896
API,overall_quality,1-5,3.95095,4.03016,0.0792101,0.061849,0.0974392,0.0693316
