cohort,scope,quintile,n_pairs,median_transcript_chars,pooled_delta_pp,ci_low,ci_high,spearman_rho,spearman_p
open-weight,all,1,922,122,83.731,81.2364,86.1171,-0.574835,0
open-weight,all,2,921,249,74.2671,71.5527,77.0901,-0.574835,0
open-weight,all,3,922,439.5,56.6161,53.3623,59.981,-0.574835,0
open-weight,all,4,921,886,27.6873,24.8643,30.836,-0.574835,0
open-weight,all,5,922,5354,7.80911,6.07375,9.65293,-0.574835,0
open-weight,MTS-Dialog,1,799,113,84.9812,82.6001,87.3623,-0.483879,1.97505e-233
open-weight,MTS-Dialog,2,798,219,75.4386,72.4311,78.3208,-0.483879,1.97505e-233
open-weight,MTS-Dialog,3,798,350,65.4135,62.1554,68.797,-0.483879,1.97505e-233
open-weight,MTS-Dialog,4,798,619,40.9774,37.594,44.3609,-0.483879,1.97505e-233
open-weight,MTS-Dialog,5,799,1372,19.1489,16.5207,22.0275,-0.483879,1.97505e-233
open-weight,ACI-Bench,1,124,4792,9.67742,4.83871,15.3226,-0.138971,0.000542242
open-weight,ACI-Bench,2,123,5450,3.25203,0.813008,6.50407,-0.138971,0.000542242
open-weight,ACI-Bench,3,123,6538,2.43902,0,5.69106,-0.138971,0.000542242
open-weight,ACI-Bench,4,123,7369,1.62602,0,4.06504,-0.138971,0.000542242
open-weight,ACI-Bench,5,123,9500,0.813008,-1.62602,3.25203,-0.138971,0.000542242
API,all,1,922,122,58.8937,55.8568,62.039,-0.394357,2.58462e-171
API,all,2,921,249,47.8827,44.6254,51.2486,-0.394357,2.58462e-171
API,all,3,922,439.5,39.154,36.0087,42.2993,-0.394357,2.58462e-171
API,all,4,921,886,23.6699,21.0641,26.3871,-0.394357,2.58462e-171
API,all,5,922,5354,5.31453,3.90184,6.83297,-0.394357,2.58462e-171
API,MTS-Dialog,1,799,113,60.0751,56.821,63.4543,-0.307005,6.96317e-88
API,MTS-Dialog,2,798,219,48.7469,45.3634,52.2556,-0.307005,6.96317e-88
API,MTS-Dialog,3,798,350,43.1078,39.4737,46.7419,-0.307005,6.96317e-88
API,MTS-Dialog,4,798,619,30.9524,27.9417,34.0852,-0.307005,6.96317e-88
API,MTS-Dialog,5,799,1372,17.0213,14.393,19.5244,-0.307005,6.96317e-88
API,ACI-Bench,1,124,4792,4.03226,0.806452,7.25806,-0.0746203,0.0641916
API,ACI-Bench,2,123,5450,3.25203,0.813008,6.50407,-0.0746203,0.0641916
API,ACI-Bench,3,123,6538,2.43902,0,5.69106,-0.0746203,0.0641916
API,ACI-Bench,4,123,7369,2.43902,0,5.69106,-0.0746203,0.0641916
API,ACI-Bench,5,123,9500,0.813008,0,2.43902,-0.0746203,0.0641916
