level_db,metric,scale,n_pairs,clean_mean,mixed_mean,delta,ci_low,ci_high
all,clinical_correctness,1-5,1822,3.41877,3.39188,-0.0271293,-0.0912842,0.0426283
all,completeness,1-5,1822,3.17728,3.17453,-0.00268817,-0.054279,0.0451091
all,succinctness,1-5,1822,3.40724,3.41712,0.00993916,-0.061224,0.0823332
all,hallucination,0/1,1822,0.984083,0.956092,-0.0279605,-0.0455044,-0.0109649
all,overall_quality,1-5,1822,2.9303,2.91712,-0.013264,-0.0735715,0.0481705
-20,clinical_correctness,1-5,455,3.45055,3.4044,-0.0466792,-0.124076,0.0344768
-20,completeness,1-5,455,3.19341,3.15824,-0.0357143,-0.100924,0.0285088
-20,succinctness,1-5,455,3.40659,3.41099,0.00501253,-0.0836623,0.09776
-20,hallucination,0/1,455,0.984615,0.956044,-0.0285088,-0.0526316,-0.00438596
-20,overall_quality,1-5,455,2.94945,2.91429,-0.035401,-0.108083,0.0347744
-15,clinical_correctness,1-5,456,3.39254,3.39474,0.00219298,-0.0789474,0.0833333
-15,completeness,1-5,456,3.17982,3.19518,0.0153509,-0.0482456,0.0746162
-15,succinctness,1-5,456,3.40789,3.41447,0.00657895,-0.0679825,0.0789474
-15,hallucination,0/1,456,0.986842,0.958333,-0.0285088,-0.0504386,-0.00657895
-15,overall_quality,1-5,456,2.92763,2.92982,0.00219298,-0.0701754,0.0679825
-10,clinical_correctness,1-5,456,3.41009,3.37939,-0.0307018,-0.105263,0.0460526
-10,completeness,1-5,456,3.16667,3.17325,0.00657895,-0.0526316,0.0614035
-10,succinctness,1-5,456,3.41447,3.42325,0.00877193,-0.0790022,0.100877
-10,hallucination,0/1,456,0.984649,0.953947,-0.0307018,-0.0548246,-0.00877193
-10,overall_quality,1-5,456,2.91667,2.90351,-0.0131579,-0.0899123,0.0657895
-5,clinical_correctness,1-5,455,3.42198,3.38901,-0.0338346,-0.110589,0.0432487
-5,completeness,1-5,455,3.16923,3.17143,0.00250627,-0.0545113,0.0551378
-5,succinctness,1-5,455,3.4,3.41978,0.0200501,-0.0695567,0.105263
-5,hallucination,0/1,455,0.98022,0.956044,-0.0241228,-0.0416667,-0.00877193
-5,overall_quality,1-5,455,2.92747,2.92088,-0.00657895,-0.0855263,0.0701754
