level_db,model,n_pairs,n_encounters,rate_clean,rate_mixed,rate_mixed_ci_low,rate_mixed_ci_high,delta_pp,ci_low,ci_high,severity_mixed
-20,all,455,57,0.21978,3.28947,1.53509,5.26316,3.07018,1.31579,5.26316,0.0417582
-20,Gemma-2-9B,114,57,0,3.50877,0.877193,7.01754,3.50877,0.877193,7.01754,0.0526316
-20,Mistral-7B,114,57,0,1.75439,0,4.38596,1.75439,0,4.38596,0.0175439
-20,Llama-3.1-8B,114,57,0,2.63158,0,5.28509,2.63158,0,5.28509,0.0438596
-20,Qwen2.5-7B,113,57,0.884956,5.26316,1.75439,9.64912,4.38596,0,8.77193,0.0530973
-15,all,456,57,0.657895,3.50877,1.31579,6.14035,2.85088,0.438596,5.70175,0.0504386
-15,Gemma-2-9B,114,57,0,0.877193,0,2.63158,0.877193,0,2.63158,0.0175439
-15,Mistral-7B,114,57,0,4.38596,0.877193,8.77193,4.38596,0.877193,8.77193,0.0701754
-15,Llama-3.1-8B,114,57,0.877193,2.63158,0,6.14035,1.75439,-1.75439,5.26316,0.0438596
-15,Qwen2.5-7B,114,57,1.75439,6.14035,2.63158,10.5263,4.38596,0,9.64912,0.0701754
-10,all,456,57,1.31579,5.26316,2.85088,8.11404,3.94737,1.31579,7.01754,0.0789474
-10,Gemma-2-9B,114,57,0.877193,5.26316,1.75439,9.64912,4.38596,0,8.77193,0.0614035
-10,Mistral-7B,114,57,0,6.14035,1.75439,10.5263,6.14035,1.75439,10.5263,0.0789474
-10,Llama-3.1-8B,114,57,0,4.38596,0.877193,7.89474,4.38596,0.877193,7.89474,0.0877193
-10,Qwen2.5-7B,114,57,4.38596,5.26316,1.75439,9.64912,0.877193,-4.38596,6.14035,0.0877193
-5,all,455,57,0.879121,9.42982,6.57895,12.2807,8.55263,5.26316,11.6283,0.12967
-5,Gemma-2-9B,114,57,0.877193,6.14035,2.63158,11.4035,5.26316,0.877193,10.5263,0.0701754
-5,Mistral-7B,114,57,0,8.77193,4.38596,14.0351,8.77193,4.38596,14.0351,0.0964912
-5,Llama-3.1-8B,114,57,1.75439,8.77193,4.38596,14.0351,7.01754,1.75439,12.2807,0.140351
-5,Qwen2.5-7B,113,57,0.884956,14.0351,8.75,19.2982,13.1579,7.01754,19.2982,0.212389
all,all,1822,57,0.768386,5.37634,3.74195,7.13073,4.59996,2.79061,6.62847,0.0751921
all,Gemma-2-9B,456,57,0.438596,3.94737,2.19298,5.92105,3.50877,1.75439,5.48794,0.0504386
all,Mistral-7B,456,57,0,5.26316,2.19298,8.55811,5.26316,2.19298,8.55811,0.0657895
all,Llama-3.1-8B,456,57,0.657895,4.60526,2.41228,7.23684,3.94737,1.53509,6.79825,0.0789474
all,Qwen2.5-7B,454,57,1.98238,7.70677,4.88643,10.8396,5.57644,1.94157,9.36717,0.105727
