model,model_short,distractor,layer,n_layers,rel_depth,third,n_selected,heads_per_layer
Qwen/Qwen2.5-7B-Instruct,Qwen2.5-7B,bystander,0,28,0,early,2,28
Qwen/Qwen2.5-7B-Instruct,Qwen2.5-7B,bystander,1,28,0.037037,early,1,28
Qwen/Qwen2.5-7B-Instruct,Qwen2.5-7B,bystander,2,28,0.0740741,early,3,28
Qwen/Qwen2.5-7B-Instruct,Qwen2.5-7B,bystander,3,28,0.111111,early,3,28
Qwen/Qwen2.5-7B-Instruct,Qwen2.5-7B,bystander,4,28,0.148148,early,2,28
Qwen/Qwen2.5-7B-Instruct,Qwen2.5-7B,bystander,5,28,0.185185,early,1,28
Qwen/Qwen2.5-7B-Instruct,Qwen2.5-7B,bystander,6,28,0.222222,early,1,28
Qwen/Qwen2.5-7B-Instruct,Qwen2.5-7B,bystander,7,28,0.259259,early,1,28
Qwen/Qwen2.5-7B-Instruct,Qwen2.5-7B,bystander,8,28,0.296296,early,1,28
Qwen/Qwen2.5-7B-Instruct,Qwen2.5-7B,bystander,9,28,0.333333,early,0,28
Qwen/Qwen2.5-7B-Instruct,Qwen2.5-7B,bystander,10,28,0.37037,middle,2,28
Qwen/Qwen2.5-7B-Instruct,Qwen2.5-7B,bystander,11,28,0.407407,middle,2,28
Qwen/Qwen2.5-7B-Instruct,Qwen2.5-7B,bystander,12,28,0.444444,middle,5,28
Qwen/Qwen2.5-7B-Instruct,Qwen2.5-7B,bystander,13,28,0.481481,middle,0,28
Qwen/Qwen2.5-7B-Instruct,Qwen2.5-7B,bystander,14,28,0.518519,middle,2,28
Qwen/Qwen2.5-7B-Instruct,Qwen2.5-7B,bystander,15,28,0.555556,middle,4,28
Qwen/Qwen2.5-7B-Instruct,Qwen2.5-7B,bystander,16,28,0.592593,middle,4,28
Qwen/Qwen2.5-7B-Instruct,Qwen2.5-7B,bystander,17,28,0.62963,middle,2,28
Qwen/Qwen2.5-7B-Instruct,Qwen2.5-7B,bystander,18,28,0.666667,middle,6,28
Qwen/Qwen2.5-7B-Instruct,Qwen2.5-7B,bystander,19,28,0.703704,late,6,28
Qwen/Qwen2.5-7B-Instruct,Qwen2.5-7B,bystander,20,28,0.740741,late,3,28
Qwen/Qwen2.5-7B-Instruct,Qwen2.5-7B,bystander,21,28,0.777778,late,0,28
Qwen/Qwen2.5-7B-Instruct,Qwen2.5-7B,bystander,22,28,0.814815,late,0,28
Qwen/Qwen2.5-7B-Instruct,Qwen2.5-7B,bystander,23,28,0.851852,late,1,28
Qwen/Qwen2.5-7B-Instruct,Qwen2.5-7B,bystander,24,28,0.888889,late,0,28
Qwen/Qwen2.5-7B-Instruct,Qwen2.5-7B,bystander,25,28,0.925926,late,0,28
Qwen/Qwen2.5-7B-Instruct,Qwen2.5-7B,bystander,26,28,0.962963,late,0,28
Qwen/Qwen2.5-7B-Instruct,Qwen2.5-7B,bystander,27,28,1,late,4,28
Qwen/Qwen2.5-7B-Instruct,Qwen2.5-7B,nonliteral,0,28,0,early,8,28
Qwen/Qwen2.5-7B-Instruct,Qwen2.5-7B,nonliteral,1,28,0.037037,early,6,28
Qwen/Qwen2.5-7B-Instruct,Qwen2.5-7B,nonliteral,2,28,0.0740741,early,0,28
Qwen/Qwen2.5-7B-Instruct,Qwen2.5-7B,nonliteral,3,28,0.111111,early,3,28
Qwen/Qwen2.5-7B-Instruct,Qwen2.5-7B,nonliteral,4,28,0.148148,early,5,28
Qwen/Qwen2.5-7B-Instruct,Qwen2.5-7B,nonliteral,5,28,0.185185,early,2,28
Qwen/Qwen2.5-7B-Instruct,Qwen2.5-7B,nonliteral,6,28,0.222222,early,1,28
Qwen/Qwen2.5-7B-Instruct,Qwen2.5-7B,nonliteral,7,28,0.259259,early,2,28
Qwen/Qwen2.5-7B-Instruct,Qwen2.5-7B,nonliteral,8,28,0.296296,early,1,28
Qwen/Qwen2.5-7B-Instruct,Qwen2.5-7B,nonliteral,9,28,0.333333,early,1,28
Qwen/Qwen2.5-7B-Instruct,Qwen2.5-7B,nonliteral,10,28,0.37037,middle,3,28
Qwen/Qwen2.5-7B-Instruct,Qwen2.5-7B,nonliteral,11,28,0.407407,middle,1,28
Qwen/Qwen2.5-7B-Instruct,Qwen2.5-7B,nonliteral,12,28,0.444444,middle,3,28
Qwen/Qwen2.5-7B-Instruct,Qwen2.5-7B,nonliteral,13,28,0.481481,middle,0,28
Qwen/Qwen2.5-7B-Instruct,Qwen2.5-7B,nonliteral,14,28,0.518519,middle,2,28
Qwen/Qwen2.5-7B-Instruct,Qwen2.5-7B,nonliteral,15,28,0.555556,middle,2,28
Qwen/Qwen2.5-7B-Instruct,Qwen2.5-7B,nonliteral,16,28,0.592593,middle,3,28
Qwen/Qwen2.5-7B-Instruct,Qwen2.5-7B,nonliteral,17,28,0.62963,middle,0,28
Qwen/Qwen2.5-7B-Instruct,Qwen2.5-7B,nonliteral,18,28,0.666667,middle,4,28
Qwen/Qwen2.5-7B-Instruct,Qwen2.5-7B,nonliteral,19,28,0.703704,late,6,28
Qwen/Qwen2.5-7B-Instruct,Qwen2.5-7B,nonliteral,20,28,0.740741,late,3,28
Qwen/Qwen2.5-7B-Instruct,Qwen2.5-7B,nonliteral,21,28,0.777778,late,0,28
Qwen/Qwen2.5-7B-Instruct,Qwen2.5-7B,nonliteral,22,28,0.814815,late,0,28
Qwen/Qwen2.5-7B-Instruct,Qwen2.5-7B,nonliteral,23,28,0.851852,late,0,28
Qwen/Qwen2.5-7B-Instruct,Qwen2.5-7B,nonliteral,24,28,0.888889,late,0,28
Qwen/Qwen2.5-7B-Instruct,Qwen2.5-7B,nonliteral,25,28,0.925926,late,0,28
Qwen/Qwen2.5-7B-Instruct,Qwen2.5-7B,nonliteral,26,28,0.962963,late,0,28
Qwen/Qwen2.5-7B-Instruct,Qwen2.5-7B,nonliteral,27,28,1,late,2,28
google/gemma-2-9b-it,Gemma-2-9B,bystander,0,42,0,early,2,16
google/gemma-2-9b-it,Gemma-2-9B,bystander,1,42,0.0243902,early,1,16
google/gemma-2-9b-it,Gemma-2-9B,bystander,2,42,0.0487805,early,1,16
google/gemma-2-9b-it,Gemma-2-9B,bystander,3,42,0.0731707,early,0,16
google/gemma-2-9b-it,Gemma-2-9B,bystander,4,42,0.097561,early,2,16
google/gemma-2-9b-it,Gemma-2-9B,bystander,5,42,0.121951,early,2,16
google/gemma-2-9b-it,Gemma-2-9B,bystander,6,42,0.146341,early,2,16
google/gemma-2-9b-it,Gemma-2-9B,bystander,7,42,0.170732,early,1,16
google/gemma-2-9b-it,Gemma-2-9B,bystander,8,42,0.195122,early,4,16
google/gemma-2-9b-it,Gemma-2-9B,bystander,9,42,0.219512,early,3,16
google/gemma-2-9b-it,Gemma-2-9B,bystander,10,42,0.243902,early,5,16
google/gemma-2-9b-it,Gemma-2-9B,bystander,11,42,0.268293,early,4,16
google/gemma-2-9b-it,Gemma-2-9B,bystander,12,42,0.292683,early,3,16
google/gemma-2-9b-it,Gemma-2-9B,bystander,13,42,0.317073,early,4,16
google/gemma-2-9b-it,Gemma-2-9B,bystander,14,42,0.341463,middle,6,16
google/gemma-2-9b-it,Gemma-2-9B,bystander,15,42,0.365854,middle,4,16
google/gemma-2-9b-it,Gemma-2-9B,bystander,16,42,0.390244,middle,5,16
google/gemma-2-9b-it,Gemma-2-9B,bystander,17,42,0.414634,middle,2,16
google/gemma-2-9b-it,Gemma-2-9B,bystander,18,42,0.439024,middle,6,16
google/gemma-2-9b-it,Gemma-2-9B,bystander,19,42,0.463415,middle,5,16
google/gemma-2-9b-it,Gemma-2-9B,bystander,20,42,0.487805,middle,6,16
google/gemma-2-9b-it,Gemma-2-9B,bystander,21,42,0.512195,middle,5,16
google/gemma-2-9b-it,Gemma-2-9B,bystander,22,42,0.536585,middle,8,16
google/gemma-2-9b-it,Gemma-2-9B,bystander,23,42,0.560976,middle,7,16
google/gemma-2-9b-it,Gemma-2-9B,bystander,24,42,0.585366,middle,7,16
google/gemma-2-9b-it,Gemma-2-9B,bystander,25,42,0.609756,middle,4,16
google/gemma-2-9b-it,Gemma-2-9B,bystander,26,42,0.634146,middle,5,16
google/gemma-2-9b-it,Gemma-2-9B,bystander,27,42,0.658537,middle,4,16
google/gemma-2-9b-it,Gemma-2-9B,bystander,28,42,0.682927,late,5,16
google/gemma-2-9b-it,Gemma-2-9B,bystander,29,42,0.707317,late,4,16
google/gemma-2-9b-it,Gemma-2-9B,bystander,30,42,0.731707,late,6,16
google/gemma-2-9b-it,Gemma-2-9B,bystander,31,42,0.756098,late,3,16
google/gemma-2-9b-it,Gemma-2-9B,bystander,32,42,0.780488,late,5,16
google/gemma-2-9b-it,Gemma-2-9B,bystander,33,42,0.804878,late,1,16
google/gemma-2-9b-it,Gemma-2-9B,bystander,34,42,0.829268,late,2,16
google/gemma-2-9b-it,Gemma-2-9B,bystander,35,42,0.853659,late,1,16
google/gemma-2-9b-it,Gemma-2-9B,bystander,36,42,0.878049,late,2,16
google/gemma-2-9b-it,Gemma-2-9B,bystander,37,42,0.902439,late,2,16
google/gemma-2-9b-it,Gemma-2-9B,bystander,38,42,0.926829,late,1,16
google/gemma-2-9b-it,Gemma-2-9B,bystander,39,42,0.95122,late,5,16
google/gemma-2-9b-it,Gemma-2-9B,bystander,40,42,0.97561,late,6,16
google/gemma-2-9b-it,Gemma-2-9B,bystander,41,42,1,late,8,16
google/gemma-2-9b-it,Gemma-2-9B,nonliteral,0,42,0,early,2,16
google/gemma-2-9b-it,Gemma-2-9B,nonliteral,1,42,0.0243902,early,3,16
google/gemma-2-9b-it,Gemma-2-9B,nonliteral,2,42,0.0487805,early,0,16
google/gemma-2-9b-it,Gemma-2-9B,nonliteral,3,42,0.0731707,early,0,16
google/gemma-2-9b-it,Gemma-2-9B,nonliteral,4,42,0.097561,early,2,16
google/gemma-2-9b-it,Gemma-2-9B,nonliteral,5,42,0.121951,early,1,16
google/gemma-2-9b-it,Gemma-2-9B,nonliteral,6,42,0.146341,early,2,16
google/gemma-2-9b-it,Gemma-2-9B,nonliteral,7,42,0.170732,early,0,16
google/gemma-2-9b-it,Gemma-2-9B,nonliteral,8,42,0.195122,early,4,16
google/gemma-2-9b-it,Gemma-2-9B,nonliteral,9,42,0.219512,early,0,16
google/gemma-2-9b-it,Gemma-2-9B,nonliteral,10,42,0.243902,early,2,16
google/gemma-2-9b-it,Gemma-2-9B,nonliteral,11,42,0.268293,early,4,16
google/gemma-2-9b-it,Gemma-2-9B,nonliteral,12,42,0.292683,early,2,16
google/gemma-2-9b-it,Gemma-2-9B,nonliteral,13,42,0.317073,early,3,16
google/gemma-2-9b-it,Gemma-2-9B,nonliteral,14,42,0.341463,middle,5,16
google/gemma-2-9b-it,Gemma-2-9B,nonliteral,15,42,0.365854,middle,3,16
google/gemma-2-9b-it,Gemma-2-9B,nonliteral,16,42,0.390244,middle,6,16
google/gemma-2-9b-it,Gemma-2-9B,nonliteral,17,42,0.414634,middle,3,16
google/gemma-2-9b-it,Gemma-2-9B,nonliteral,18,42,0.439024,middle,4,16
google/gemma-2-9b-it,Gemma-2-9B,nonliteral,19,42,0.463415,middle,8,16
google/gemma-2-9b-it,Gemma-2-9B,nonliteral,20,42,0.487805,middle,6,16
google/gemma-2-9b-it,Gemma-2-9B,nonliteral,21,42,0.512195,middle,6,16
google/gemma-2-9b-it,Gemma-2-9B,nonliteral,22,42,0.536585,middle,9,16
google/gemma-2-9b-it,Gemma-2-9B,nonliteral,23,42,0.560976,middle,5,16
google/gemma-2-9b-it,Gemma-2-9B,nonliteral,24,42,0.585366,middle,5,16
google/gemma-2-9b-it,Gemma-2-9B,nonliteral,25,42,0.609756,middle,3,16
google/gemma-2-9b-it,Gemma-2-9B,nonliteral,26,42,0.634146,middle,3,16
google/gemma-2-9b-it,Gemma-2-9B,nonliteral,27,42,0.658537,middle,3,16
google/gemma-2-9b-it,Gemma-2-9B,nonliteral,28,42,0.682927,late,4,16
google/gemma-2-9b-it,Gemma-2-9B,nonliteral,29,42,0.707317,late,3,16
google/gemma-2-9b-it,Gemma-2-9B,nonliteral,30,42,0.731707,late,7,16
google/gemma-2-9b-it,Gemma-2-9B,nonliteral,31,42,0.756098,late,4,16
google/gemma-2-9b-it,Gemma-2-9B,nonliteral,32,42,0.780488,late,5,16
google/gemma-2-9b-it,Gemma-2-9B,nonliteral,33,42,0.804878,late,1,16
google/gemma-2-9b-it,Gemma-2-9B,nonliteral,34,42,0.829268,late,2,16
google/gemma-2-9b-it,Gemma-2-9B,nonliteral,35,42,0.853659,late,2,16
google/gemma-2-9b-it,Gemma-2-9B,nonliteral,36,42,0.878049,late,2,16
google/gemma-2-9b-it,Gemma-2-9B,nonliteral,37,42,0.902439,late,2,16
google/gemma-2-9b-it,Gemma-2-9B,nonliteral,38,42,0.926829,late,1,16
google/gemma-2-9b-it,Gemma-2-9B,nonliteral,39,42,0.95122,late,6,16
google/gemma-2-9b-it,Gemma-2-9B,nonliteral,40,42,0.97561,late,6,16
google/gemma-2-9b-it,Gemma-2-9B,nonliteral,41,42,1,late,7,16
meta-llama/Llama-3.1-8B-Instruct,Llama-3.1-8B,bystander,0,32,0,early,3,32
meta-llama/Llama-3.1-8B-Instruct,Llama-3.1-8B,bystander,1,32,0.0322581,early,0,32
meta-llama/Llama-3.1-8B-Instruct,Llama-3.1-8B,bystander,2,32,0.0645161,early,0,32
meta-llama/Llama-3.1-8B-Instruct,Llama-3.1-8B,bystander,3,32,0.0967742,early,0,32
meta-llama/Llama-3.1-8B-Instruct,Llama-3.1-8B,bystander,4,32,0.129032,early,0,32
meta-llama/Llama-3.1-8B-Instruct,Llama-3.1-8B,bystander,5,32,0.16129,early,0,32
meta-llama/Llama-3.1-8B-Instruct,Llama-3.1-8B,bystander,6,32,0.193548,early,0,32
meta-llama/Llama-3.1-8B-Instruct,Llama-3.1-8B,bystander,7,32,0.225806,early,1,32
meta-llama/Llama-3.1-8B-Instruct,Llama-3.1-8B,bystander,8,32,0.258065,early,0,32
meta-llama/Llama-3.1-8B-Instruct,Llama-3.1-8B,bystander,9,32,0.290323,early,2,32
meta-llama/Llama-3.1-8B-Instruct,Llama-3.1-8B,bystander,10,32,0.322581,early,0,32
meta-llama/Llama-3.1-8B-Instruct,Llama-3.1-8B,bystander,11,32,0.354839,middle,2,32
meta-llama/Llama-3.1-8B-Instruct,Llama-3.1-8B,bystander,12,32,0.387097,middle,0,32
meta-llama/Llama-3.1-8B-Instruct,Llama-3.1-8B,bystander,13,32,0.419355,middle,2,32
meta-llama/Llama-3.1-8B-Instruct,Llama-3.1-8B,bystander,14,32,0.451613,middle,2,32
meta-llama/Llama-3.1-8B-Instruct,Llama-3.1-8B,bystander,15,32,0.483871,middle,0,32
meta-llama/Llama-3.1-8B-Instruct,Llama-3.1-8B,bystander,16,32,0.516129,middle,1,32
meta-llama/Llama-3.1-8B-Instruct,Llama-3.1-8B,bystander,17,32,0.548387,middle,1,32
meta-llama/Llama-3.1-8B-Instruct,Llama-3.1-8B,bystander,18,32,0.580645,middle,0,32
meta-llama/Llama-3.1-8B-Instruct,Llama-3.1-8B,bystander,19,32,0.612903,middle,0,32
meta-llama/Llama-3.1-8B-Instruct,Llama-3.1-8B,bystander,20,32,0.645161,middle,0,32
meta-llama/Llama-3.1-8B-Instruct,Llama-3.1-8B,bystander,21,32,0.677419,late,0,32
meta-llama/Llama-3.1-8B-Instruct,Llama-3.1-8B,bystander,22,32,0.709677,late,0,32
meta-llama/Llama-3.1-8B-Instruct,Llama-3.1-8B,bystander,23,32,0.741935,late,0,32
meta-llama/Llama-3.1-8B-Instruct,Llama-3.1-8B,bystander,24,32,0.774194,late,0,32
meta-llama/Llama-3.1-8B-Instruct,Llama-3.1-8B,bystander,25,32,0.806452,late,0,32
meta-llama/Llama-3.1-8B-Instruct,Llama-3.1-8B,bystander,26,32,0.83871,late,0,32
meta-llama/Llama-3.1-8B-Instruct,Llama-3.1-8B,bystander,27,32,0.870968,late,0,32
meta-llama/Llama-3.1-8B-Instruct,Llama-3.1-8B,bystander,28,32,0.903226,late,0,32
meta-llama/Llama-3.1-8B-Instruct,Llama-3.1-8B,bystander,29,32,0.935484,late,0,32
meta-llama/Llama-3.1-8B-Instruct,Llama-3.1-8B,bystander,30,32,0.967742,late,0,32
meta-llama/Llama-3.1-8B-Instruct,Llama-3.1-8B,bystander,31,32,1,late,1,32
meta-llama/Llama-3.1-8B-Instruct,Llama-3.1-8B,nonliteral,0,32,0,early,2,32
meta-llama/Llama-3.1-8B-Instruct,Llama-3.1-8B,nonliteral,1,32,0.0322581,early,0,32
meta-llama/Llama-3.1-8B-Instruct,Llama-3.1-8B,nonliteral,2,32,0.0645161,early,0,32
meta-llama/Llama-3.1-8B-Instruct,Llama-3.1-8B,nonliteral,3,32,0.0967742,early,0,32
meta-llama/Llama-3.1-8B-Instruct,Llama-3.1-8B,nonliteral,4,32,0.129032,early,0,32
meta-llama/Llama-3.1-8B-Instruct,Llama-3.1-8B,nonliteral,5,32,0.16129,early,0,32
meta-llama/Llama-3.1-8B-Instruct,Llama-3.1-8B,nonliteral,6,32,0.193548,early,0,32
meta-llama/Llama-3.1-8B-Instruct,Llama-3.1-8B,nonliteral,7,32,0.225806,early,1,32
meta-llama/Llama-3.1-8B-Instruct,Llama-3.1-8B,nonliteral,8,32,0.258065,early,0,32
meta-llama/Llama-3.1-8B-Instruct,Llama-3.1-8B,nonliteral,9,32,0.290323,early,3,32
meta-llama/Llama-3.1-8B-Instruct,Llama-3.1-8B,nonliteral,10,32,0.322581,early,0,32
meta-llama/Llama-3.1-8B-Instruct,Llama-3.1-8B,nonliteral,11,32,0.354839,middle,3,32
meta-llama/Llama-3.1-8B-Instruct,Llama-3.1-8B,nonliteral,12,32,0.387097,middle,1,32
meta-llama/Llama-3.1-8B-Instruct,Llama-3.1-8B,nonliteral,13,32,0.419355,middle,2,32
meta-llama/Llama-3.1-8B-Instruct,Llama-3.1-8B,nonliteral,14,32,0.451613,middle,2,32
meta-llama/Llama-3.1-8B-Instruct,Llama-3.1-8B,nonliteral,15,32,0.483871,middle,0,32
meta-llama/Llama-3.1-8B-Instruct,Llama-3.1-8B,nonliteral,16,32,0.516129,middle,1,32
meta-llama/Llama-3.1-8B-Instruct,Llama-3.1-8B,nonliteral,17,32,0.548387,middle,1,32
meta-llama/Llama-3.1-8B-Instruct,Llama-3.1-8B,nonliteral,18,32,0.580645,middle,0,32
meta-llama/Llama-3.1-8B-Instruct,Llama-3.1-8B,nonliteral,19,32,0.612903,middle,0,32
meta-llama/Llama-3.1-8B-Instruct,Llama-3.1-8B,nonliteral,20,32,0.645161,middle,0,32
meta-llama/Llama-3.1-8B-Instruct,Llama-3.1-8B,nonliteral,21,32,0.677419,late,0,32
meta-llama/Llama-3.1-8B-Instruct,Llama-3.1-8B,nonliteral,22,32,0.709677,late,0,32
meta-llama/Llama-3.1-8B-Instruct,Llama-3.1-8B,nonliteral,23,32,0.741935,late,0,32
meta-llama/Llama-3.1-8B-Instruct,Llama-3.1-8B,nonliteral,24,32,0.774194,late,0,32
meta-llama/Llama-3.1-8B-Instruct,Llama-3.1-8B,nonliteral,25,32,0.806452,late,0,32
meta-llama/Llama-3.1-8B-Instruct,Llama-3.1-8B,nonliteral,26,32,0.83871,late,0,32
meta-llama/Llama-3.1-8B-Instruct,Llama-3.1-8B,nonliteral,27,32,0.870968,late,0,32
meta-llama/Llama-3.1-8B-Instruct,Llama-3.1-8B,nonliteral,28,32,0.903226,late,0,32
meta-llama/Llama-3.1-8B-Instruct,Llama-3.1-8B,nonliteral,29,32,0.935484,late,0,32
meta-llama/Llama-3.1-8B-Instruct,Llama-3.1-8B,nonliteral,30,32,0.967742,late,0,32
meta-llama/Llama-3.1-8B-Instruct,Llama-3.1-8B,nonliteral,31,32,1,late,1,32
mistralai/Mistral-7B-Instruct-v0.3,Mistral-7B,bystander,0,32,0,early,10,32
mistralai/Mistral-7B-Instruct-v0.3,Mistral-7B,bystander,1,32,0.0322581,early,13,32
mistralai/Mistral-7B-Instruct-v0.3,Mistral-7B,bystander,2,32,0.0645161,early,5,32
mistralai/Mistral-7B-Instruct-v0.3,Mistral-7B,bystander,3,32,0.0967742,early,3,32
mistralai/Mistral-7B-Instruct-v0.3,Mistral-7B,bystander,4,32,0.129032,early,2,32
mistralai/Mistral-7B-Instruct-v0.3,Mistral-7B,bystander,5,32,0.16129,early,3,32
mistralai/Mistral-7B-Instruct-v0.3,Mistral-7B,bystander,6,32,0.193548,early,7,32
mistralai/Mistral-7B-Instruct-v0.3,Mistral-7B,bystander,7,32,0.225806,early,5,32
mistralai/Mistral-7B-Instruct-v0.3,Mistral-7B,bystander,8,32,0.258065,early,6,32
mistralai/Mistral-7B-Instruct-v0.3,Mistral-7B,bystander,9,32,0.290323,early,9,32
mistralai/Mistral-7B-Instruct-v0.3,Mistral-7B,bystander,10,32,0.322581,early,10,32
mistralai/Mistral-7B-Instruct-v0.3,Mistral-7B,bystander,11,32,0.354839,middle,9,32
mistralai/Mistral-7B-Instruct-v0.3,Mistral-7B,bystander,12,32,0.387097,middle,9,32
mistralai/Mistral-7B-Instruct-v0.3,Mistral-7B,bystander,13,32,0.419355,middle,17,32
mistralai/Mistral-7B-Instruct-v0.3,Mistral-7B,bystander,14,32,0.451613,middle,11,32
mistralai/Mistral-7B-Instruct-v0.3,Mistral-7B,bystander,15,32,0.483871,middle,7,32
mistralai/Mistral-7B-Instruct-v0.3,Mistral-7B,bystander,16,32,0.516129,middle,12,32
mistralai/Mistral-7B-Instruct-v0.3,Mistral-7B,bystander,17,32,0.548387,middle,1,32
mistralai/Mistral-7B-Instruct-v0.3,Mistral-7B,bystander,18,32,0.580645,middle,7,32
mistralai/Mistral-7B-Instruct-v0.3,Mistral-7B,bystander,19,32,0.612903,middle,6,32
mistralai/Mistral-7B-Instruct-v0.3,Mistral-7B,bystander,20,32,0.645161,middle,1,32
mistralai/Mistral-7B-Instruct-v0.3,Mistral-7B,bystander,21,32,0.677419,late,0,32
mistralai/Mistral-7B-Instruct-v0.3,Mistral-7B,bystander,22,32,0.709677,late,0,32
mistralai/Mistral-7B-Instruct-v0.3,Mistral-7B,bystander,23,32,0.741935,late,0,32
mistralai/Mistral-7B-Instruct-v0.3,Mistral-7B,bystander,24,32,0.774194,late,0,32
mistralai/Mistral-7B-Instruct-v0.3,Mistral-7B,bystander,25,32,0.806452,late,0,32
mistralai/Mistral-7B-Instruct-v0.3,Mistral-7B,bystander,26,32,0.83871,late,0,32
mistralai/Mistral-7B-Instruct-v0.3,Mistral-7B,bystander,27,32,0.870968,late,0,32
mistralai/Mistral-7B-Instruct-v0.3,Mistral-7B,bystander,28,32,0.903226,late,0,32
mistralai/Mistral-7B-Instruct-v0.3,Mistral-7B,bystander,29,32,0.935484,late,0,32
mistralai/Mistral-7B-Instruct-v0.3,Mistral-7B,bystander,30,32,0.967742,late,1,32
mistralai/Mistral-7B-Instruct-v0.3,Mistral-7B,bystander,31,32,1,late,6,32
mistralai/Mistral-7B-Instruct-v0.3,Mistral-7B,nonliteral,0,32,0,early,6,32
mistralai/Mistral-7B-Instruct-v0.3,Mistral-7B,nonliteral,1,32,0.0322581,early,7,32
mistralai/Mistral-7B-Instruct-v0.3,Mistral-7B,nonliteral,2,32,0.0645161,early,5,32
mistralai/Mistral-7B-Instruct-v0.3,Mistral-7B,nonliteral,3,32,0.0967742,early,1,32
mistralai/Mistral-7B-Instruct-v0.3,Mistral-7B,nonliteral,4,32,0.129032,early,0,32
mistralai/Mistral-7B-Instruct-v0.3,Mistral-7B,nonliteral,5,32,0.16129,early,4,32
mistralai/Mistral-7B-Instruct-v0.3,Mistral-7B,nonliteral,6,32,0.193548,early,6,32
mistralai/Mistral-7B-Instruct-v0.3,Mistral-7B,nonliteral,7,32,0.225806,early,6,32
mistralai/Mistral-7B-Instruct-v0.3,Mistral-7B,nonliteral,8,32,0.258065,early,5,32
mistralai/Mistral-7B-Instruct-v0.3,Mistral-7B,nonliteral,9,32,0.290323,early,7,32
mistralai/Mistral-7B-Instruct-v0.3,Mistral-7B,nonliteral,10,32,0.322581,early,10,32
mistralai/Mistral-7B-Instruct-v0.3,Mistral-7B,nonliteral,11,32,0.354839,middle,10,32
mistralai/Mistral-7B-Instruct-v0.3,Mistral-7B,nonliteral,12,32,0.387097,middle,10,32
mistralai/Mistral-7B-Instruct-v0.3,Mistral-7B,nonliteral,13,32,0.419355,middle,14,32
mistralai/Mistral-7B-Instruct-v0.3,Mistral-7B,nonliteral,14,32,0.451613,middle,10,32
mistralai/Mistral-7B-Instruct-v0.3,Mistral-7B,nonliteral,15,32,0.483871,middle,8,32
mistralai/Mistral-7B-Instruct-v0.3,Mistral-7B,nonliteral,16,32,0.516129,middle,11,32
mistralai/Mistral-7B-Instruct-v0.3,Mistral-7B,nonliteral,17,32,0.548387,middle,1,32
mistralai/Mistral-7B-Instruct-v0.3,Mistral-7B,nonliteral,18,32,0.580645,middle,6,32
mistralai/Mistral-7B-Instruct-v0.3,Mistral-7B,nonliteral,19,32,0.612903,middle,8,32
mistralai/Mistral-7B-Instruct-v0.3,Mistral-7B,nonliteral,20,32,0.645161,middle,1,32
mistralai/Mistral-7B-Instruct-v0.3,Mistral-7B,nonliteral,21,32,0.677419,late,0,32
mistralai/Mistral-7B-Instruct-v0.3,Mistral-7B,nonliteral,22,32,0.709677,late,0,32
mistralai/Mistral-7B-Instruct-v0.3,Mistral-7B,nonliteral,23,32,0.741935,late,0,32
mistralai/Mistral-7B-Instruct-v0.3,Mistral-7B,nonliteral,24,32,0.774194,late,0,32
mistralai/Mistral-7B-Instruct-v0.3,Mistral-7B,nonliteral,25,32,0.806452,late,0,32
mistralai/Mistral-7B-Instruct-v0.3,Mistral-7B,nonliteral,26,32,0.83871,late,0,32
mistralai/Mistral-7B-Instruct-v0.3,Mistral-7B,nonliteral,27,32,0.870968,late,0,32
mistralai/Mistral-7B-Instruct-v0.3,Mistral-7B,nonliteral,28,32,0.903226,late,0,32
mistralai/Mistral-7B-Instruct-v0.3,Mistral-7B,nonliteral,29,32,0.935484,late,0,32
mistralai/Mistral-7B-Instruct-v0.3,Mistral-7B,nonliteral,30,32,0.967742,late,1,32
mistralai/Mistral-7B-Instruct-v0.3,Mistral-7B,nonliteral,31,32,1,late,6,32
