model,model_short,distractor,head_set,scale,n,num_scaled_heads,clean_acc,distracted_acc,clean_delta_pp,distracted_delta_pp,clean_margin,distracted_margin
Qwen/Qwen2.5-7B-Instruct,Qwen2.5-7B,bystander,interference,1,127,56,59.0551,47.2441,0,0,1.88091,-0.170276
Qwen/Qwen2.5-7B-Instruct,Qwen2.5-7B,bystander,interference,0.75,127,56,55.1181,46.4567,-3.93701,-0.787402,1.50197,0.117126
Qwen/Qwen2.5-7B-Instruct,Qwen2.5-7B,bystander,interference,0.5,127,56,20.4724,24.4094,-38.5827,-22.8346,-0.732852,-0.866834
Qwen/Qwen2.5-7B-Instruct,Qwen2.5-7B,bystander,interference,0.25,127,56,22.8346,24.4094,-36.2205,-22.8346,-0.778051,-0.650591
Qwen/Qwen2.5-7B-Instruct,Qwen2.5-7B,bystander,interference,0,127,56,34.6457,32.2835,-24.4094,-14.9606,-0.210138,-0.200295
Qwen/Qwen2.5-7B-Instruct,Qwen2.5-7B,bystander,random,0.75,127,56,55.1181,46.4567,-3.93701,-0.787402,1.78937,-0.257874
Qwen/Qwen2.5-7B-Instruct,Qwen2.5-7B,bystander,random,0.5,127,56,55.1181,44.8819,-3.93701,-2.3622,1.53937,-0.518701
Qwen/Qwen2.5-7B-Instruct,Qwen2.5-7B,bystander,random,0.25,127,56,51.9685,45.6693,-7.08661,-1.5748,1.04823,-0.863189
Qwen/Qwen2.5-7B-Instruct,Qwen2.5-7B,bystander,random,0,127,56,51.1811,44.0945,-7.87402,-3.14961,0.555118,-1.10433
Qwen/Qwen2.5-7B-Instruct,Qwen2.5-7B,nonliteral,interference,1,127,58,59.0551,47.2441,0,0,1.88091,-0.745079
Qwen/Qwen2.5-7B-Instruct,Qwen2.5-7B,nonliteral,interference,0.75,127,58,57.4803,49.6063,-1.5748,2.3622,1.67224,0.0137795
Qwen/Qwen2.5-7B-Instruct,Qwen2.5-7B,nonliteral,interference,0.5,127,58,33.8583,36.2205,-25.1969,-11.0236,-0.783957,-0.737205
Qwen/Qwen2.5-7B-Instruct,Qwen2.5-7B,nonliteral,interference,0.25,127,58,41.7323,39.3701,-17.3228,-7.87402,-0.122047,-0.536417
Qwen/Qwen2.5-7B-Instruct,Qwen2.5-7B,nonliteral,interference,0,127,58,28.3465,27.5591,-30.7087,-19.685,-0.666585,-0.687254
Qwen/Qwen2.5-7B-Instruct,Qwen2.5-7B,nonliteral,random,0.75,127,58,57.4803,42.5197,-1.5748,-4.72441,1.8622,-0.995079
Qwen/Qwen2.5-7B-Instruct,Qwen2.5-7B,nonliteral,random,0.5,127,58,56.6929,44.0945,-2.3622,-3.14961,1.79035,-1.2185
Qwen/Qwen2.5-7B-Instruct,Qwen2.5-7B,nonliteral,random,0.25,127,58,55.1181,43.3071,-3.93701,-3.93701,1.85433,-1.45669
Qwen/Qwen2.5-7B-Instruct,Qwen2.5-7B,nonliteral,random,0,127,58,51.1811,42.5197,-7.87402,-4.72441,1.49311,-1.64272
google/gemma-2-9b-it,Gemma-2-9B,bystander,interference,1,127,159,59.0551,53.5433,0,0,1.3937,0.116142
google/gemma-2-9b-it,Gemma-2-9B,bystander,interference,0.75,127,159,59.0551,52.7559,0,-0.787402,0.829724,0.192913
google/gemma-2-9b-it,Gemma-2-9B,bystander,interference,0.5,127,159,57.4803,48.8189,-1.5748,-4.72441,0.251476,0.0177165
google/gemma-2-9b-it,Gemma-2-9B,bystander,interference,0.25,127,159,22.8346,25.9843,-36.2205,-27.5591,-0.372047,-0.365157
google/gemma-2-9b-it,Gemma-2-9B,bystander,interference,0,127,159,21.2598,21.2598,-37.7953,-32.2835,-0.718504,-0.673228
google/gemma-2-9b-it,Gemma-2-9B,bystander,random,0.75,127,159,58.2677,51.1811,-0.787402,-2.3622,1.45202,-0.138287
google/gemma-2-9b-it,Gemma-2-9B,bystander,random,0.5,127,159,59.0551,44.0945,0,-9.44882,1.38287,-0.615404
google/gemma-2-9b-it,Gemma-2-9B,bystander,random,0.25,127,159,55.1181,41.7323,-3.93701,-11.811,0.993602,-1.27559
google/gemma-2-9b-it,Gemma-2-9B,bystander,random,0,127,159,54.3307,36.2205,-4.72441,-17.3228,0.396407,-1.98376
google/gemma-2-9b-it,Gemma-2-9B,nonliteral,interference,1,127,146,59.0551,48.0315,0,0,1.3937,-0.00664369
google/gemma-2-9b-it,Gemma-2-9B,nonliteral,interference,0.75,127,146,59.0551,47.2441,0,-0.787402,0.885335,0.117618
google/gemma-2-9b-it,Gemma-2-9B,nonliteral,interference,0.5,127,146,52.7559,44.8819,-6.29921,-3.14961,0.29872,-0.0580708
google/gemma-2-9b-it,Gemma-2-9B,nonliteral,interference,0.25,127,146,37.7953,35.4331,-21.2598,-12.5984,-0.159941,-0.261319
google/gemma-2-9b-it,Gemma-2-9B,nonliteral,interference,0,127,146,23.622,24.4094,-35.4331,-23.622,-0.438976,-0.457677
google/gemma-2-9b-it,Gemma-2-9B,nonliteral,random,0.75,127,146,60.6299,48.8189,1.5748,0.787402,1.50837,-0.145423
google/gemma-2-9b-it,Gemma-2-9B,nonliteral,random,0.5,127,146,59.8425,44.0945,0.787402,-3.93701,1.49114,-0.345965
google/gemma-2-9b-it,Gemma-2-9B,nonliteral,random,0.25,127,146,58.2677,44.8819,-0.787402,-3.14961,1.26919,-0.769685
google/gemma-2-9b-it,Gemma-2-9B,nonliteral,random,0,127,146,56.6929,37.0079,-2.3622,-11.0236,0.625984,-1.62057
meta-llama/Llama-3.1-8B-Instruct,Llama-3.1-8B,bystander,interference,1,127,15,66.1417,58.2677,0,0,1.51772,0.837598
meta-llama/Llama-3.1-8B-Instruct,Llama-3.1-8B,bystander,interference,0.75,127,15,61.4173,56.6929,-4.72441,-1.5748,0.851378,0.482283
meta-llama/Llama-3.1-8B-Instruct,Llama-3.1-8B,bystander,interference,0.5,127,15,59.0551,51.9685,-7.08661,-6.29921,0.238189,0.0654528
meta-llama/Llama-3.1-8B-Instruct,Llama-3.1-8B,bystander,interference,0.25,127,15,40.1575,37.7953,-25.9843,-20.4724,-0.125984,-0.177165
meta-llama/Llama-3.1-8B-Instruct,Llama-3.1-8B,bystander,interference,0,127,15,30.7087,31.4961,-35.4331,-26.7717,-0.237205,-0.268209
meta-llama/Llama-3.1-8B-Instruct,Llama-3.1-8B,bystander,random,0.75,127,15,66.1417,58.2677,0,0,1.52067,0.841535
meta-llama/Llama-3.1-8B-Instruct,Llama-3.1-8B,bystander,random,0.5,127,15,66.1417,58.2677,0,0,1.49016,0.86122
meta-llama/Llama-3.1-8B-Instruct,Llama-3.1-8B,bystander,random,0.25,127,15,67.7165,56.6929,1.5748,-1.5748,1.4872,0.850394
meta-llama/Llama-3.1-8B-Instruct,Llama-3.1-8B,bystander,random,0,127,15,66.9291,55.9055,0.787402,-2.3622,1.45374,0.833661
meta-llama/Llama-3.1-8B-Instruct,Llama-3.1-8B,nonliteral,interference,1,127,17,66.1417,55.1181,0,0,1.51772,0.810039
meta-llama/Llama-3.1-8B-Instruct,Llama-3.1-8B,nonliteral,interference,0.75,127,17,61.4173,54.3307,-4.72441,-0.787402,0.812008,0.514764
meta-llama/Llama-3.1-8B-Instruct,Llama-3.1-8B,nonliteral,interference,0.5,127,17,56.6929,48.8189,-9.44882,-6.29921,0.166339,0.0403543
meta-llama/Llama-3.1-8B-Instruct,Llama-3.1-8B,nonliteral,interference,0.25,127,17,38.5827,34.6457,-27.5591,-20.4724,-0.195374,-0.261319
meta-llama/Llama-3.1-8B-Instruct,Llama-3.1-8B,nonliteral,interference,0,127,17,29.9213,32.2835,-36.2205,-22.8346,-0.307087,-0.307579
meta-llama/Llama-3.1-8B-Instruct,Llama-3.1-8B,nonliteral,random,0.75,127,17,65.3543,56.6929,-0.787402,1.5748,1.44783,0.753937
meta-llama/Llama-3.1-8B-Instruct,Llama-3.1-8B,nonliteral,random,0.5,127,17,64.5669,57.4803,-1.5748,2.3622,1.39469,0.702756
meta-llama/Llama-3.1-8B-Instruct,Llama-3.1-8B,nonliteral,random,0.25,127,17,64.5669,55.9055,-1.5748,0.787402,1.27461,0.603346
meta-llama/Llama-3.1-8B-Instruct,Llama-3.1-8B,nonliteral,random,0,127,17,65.3543,55.9055,-0.787402,0.787402,1.12303,0.537402
mistralai/Mistral-7B-Instruct-v0.3,Mistral-7B,bystander,interference,1,127,160,54.3307,41.7323,0,0,0.581939,-1.5123
mistralai/Mistral-7B-Instruct-v0.3,Mistral-7B,bystander,interference,0.75,127,160,55.1181,44.8819,0.787402,3.14961,0.23622,-0.223917
mistralai/Mistral-7B-Instruct-v0.3,Mistral-7B,bystander,interference,0.5,127,160,32.2835,32.2835,-22.0472,-9.44882,-0.162402,-0.265748
mistralai/Mistral-7B-Instruct-v0.3,Mistral-7B,bystander,interference,0.25,127,160,25.1969,26.7717,-29.1339,-14.9606,-0.185532,-0.200295
mistralai/Mistral-7B-Instruct-v0.3,Mistral-7B,bystander,interference,0,127,160,22.8346,24.4094,-31.4961,-17.3228,-0.49877,-0.520177
mistralai/Mistral-7B-Instruct-v0.3,Mistral-7B,bystander,random,0.75,127,160,51.1811,41.7323,-3.14961,0,0.413632,-2.17717
mistralai/Mistral-7B-Instruct-v0.3,Mistral-7B,bystander,random,0.5,127,160,51.1811,37.0079,-3.14961,-4.72441,0.0497048,-3.00221
mistralai/Mistral-7B-Instruct-v0.3,Mistral-7B,bystander,random,0.25,127,160,51.1811,31.4961,-3.14961,-10.2362,-0.329232,-3.8376
mistralai/Mistral-7B-Instruct-v0.3,Mistral-7B,bystander,random,0,127,160,44.8819,30.7087,-9.44882,-11.0236,-1.00664,-4.46321
mistralai/Mistral-7B-Instruct-v0.3,Mistral-7B,nonliteral,interference,1,127,143,54.3307,40.1575,0,0,0.581939,-1.48179
mistralai/Mistral-7B-Instruct-v0.3,Mistral-7B,nonliteral,interference,0.75,127,143,52.7559,44.8819,-1.5748,4.72441,0.24311,-0.120079
mistralai/Mistral-7B-Instruct-v0.3,Mistral-7B,nonliteral,interference,0.5,127,143,33.8583,31.4961,-20.4724,-8.66142,-0.192421,-0.171752
mistralai/Mistral-7B-Instruct-v0.3,Mistral-7B,nonliteral,interference,0.25,127,143,22.8346,24.4094,-31.4961,-15.748,-0.257874,-0.235236
mistralai/Mistral-7B-Instruct-v0.3,Mistral-7B,nonliteral,interference,0,127,143,22.8346,22.8346,-31.4961,-17.3228,-0.369094,-0.378937
mistralai/Mistral-7B-Instruct-v0.3,Mistral-7B,nonliteral,random,0.75,127,143,53.5433,44.0945,-0.787402,3.93701,0.543799,-1.78593
mistralai/Mistral-7B-Instruct-v0.3,Mistral-7B,nonliteral,random,0.5,127,143,53.5433,41.7323,-0.787402,1.5748,0.316929,-2.23425
mistralai/Mistral-7B-Instruct-v0.3,Mistral-7B,nonliteral,random,0.25,127,143,50.3937,35.4331,-3.93701,-4.72441,-0.00984252,-3.15207
mistralai/Mistral-7B-Instruct-v0.3,Mistral-7B,nonliteral,random,0,127,143,47.2441,29.1339,-7.08661,-11.0236,-0.749754,-4.54454
